name,pred,gold_spans,expected_IoP,expected_IoU,eval_metrics_IoP,eval_metrics_IoU,nextgqa_metrics_IoP,nextgqa_metrics_IoU,match,rationale
multiple_gold_spans_max_overlap,"(11.0, 13.0)","[[0.0, 2.0], [10.0, 14.0]]",1.0,0.5,1.0,0.5,1.0,0.5,True,"pred entirely inside 2nd gold span [10,14]; 1st gold span [0,2] has 0 overlap -- max-over-spans must pick the 2nd, never concatenate."
zero_duration_pred_inside_gold,"(5.0, 5.0)","[[3.0, 8.0]]",,,1.0,0.0,1.0,0.0,True,"Official eval_ground.py special-cases span[0]==span[-1]: (IoU=0,IoP=1) if the point is inside the gold span. This is the case eval/metrics.py replicates and nextgqa_metrics.py does not (it unconditionally returns IoP=0 for any non-positive predicted length)."
reversed_span_start_gt_end,"(10.0, 5.0)","[[3.0, 8.0]]",0.0,0.0,0.0,0.0,0.0,0.0,True,"malformed predicted span (start>end) -- both implementations should degrade to 0,0 rather than a negative/nonsensical score or a crash."
pred_fully_outside_video_duration,"(25.0, 30.0)","[[5.0, 10.0]]",0.0,0.0,0.0,0.0,0.0,0.0,True,trivial no-overlap case.
exact_boundary_IoP_0.3,"(0.0, 10.0)","[[0.0, 3.0]]",0.3,0.3,0.3,0.3,0.3,0.3,True,"intersection=3, pred_len=10 -> IoP=0.3 exactly (threshold boundary); gold fully inside pred so union=pred_len too, IoU=0.3 as well."
exact_boundary_IoP_0.5,"(0.0, 10.0)","[[0.0, 5.0]]",0.5,0.5,0.5,0.5,0.5,0.5,True,"intersection=5, pred_len=10 -> IoP=0.5 exactly; gold fully inside pred so IoU=0.5 too."
gold_fully_inside_pred,"(0.0, 20.0)","[[5.0, 8.0]]",0.15,0.15,0.15,0.15,0.15,0.15,True,"gold (len 3) entirely inside pred (len 20): union=pred_len, so IoU==IoP==3/20=0.15 -- a sanity identity both implementations must satisfy."
pred_fully_inside_gold,"(5.0, 8.0)","[[0.0, 20.0]]",1.0,0.15,1.0,0.15,1.0,0.15,True,"pred (len 3) entirely inside gold (len 20): IoP=1.0 (100% of prediction overlaps), IoU=3/20=0.15 (union=gold_len)."
empty_prediction,"(0.0, 0.0)","[[5.0, 10.0]]",0.0,0.0,0.0,0.0,0.0,0.0,True,"no retrieved frames -> predicted_span_from_frames([]) = (0,0); the zero-width point (0,0) falls outside gold [5,10], so both implementations should agree on 0,0 (distinct from the zero-duration-INSIDE-gold divergence case above)."
